case_id,cve_id,file_path,file_contains_root_cause,ground_truth_cwe,vulnerable_function,root_cause_before_line_numbers,root_cause_statement,sink_before_line_numbers,supporting_change_only,confidence,evidence,review_status
case_001,CVE-2026-53300,drivers/net/ethernet/freescale/enetc/ntmp.c,true,CWE-416,netc_xmit_ntmp_cmd; ntmp_delete_entry_by_id; ntmp_maft_add_entry; ntmp_maft_query_entry; ntmp_rsst_update_entry; ntmp_rsst_query_entry,143;266;339;372;416;457,"A timed-out hardware command remains pending, but each caller immediately frees its DMA buffer.",,false,medium,The fix retains each DMA allocation until its command descriptor is reclaimed instead of freeing it after a timeout.,provisional
case_001,CVE-2026-53300,drivers/net/ethernet/freescale/enetc/ntmp_private.h,false,CWE-416,,,,,true,high,This file supports the fix; the independently identifiable root cause is in drivers/net/ethernet/freescale/enetc/ntmp.c.,provisional
case_001,CVE-2026-53300,include/linux/fsl/ntmp.h,false,CWE-416,,,,,true,high,This file supports the fix; the independently identifiable root cause is in drivers/net/ethernet/freescale/enetc/ntmp.c.,provisional
case_002,CVE-2026-53296,drivers/mailbox/mailbox-test.c,true,CWE-416,mbox_test_probe,408;413,Probe error returns omit mbox_free_channel() for channels already acquired.,,false,high,The fix routes both late probe failures through channel-release cleanup.,provisional
case_003,CVE-2026-53290,drivers/gpu/drm/xe/xe_eu_stall.c,true,CWE-416,xe_eu_stall_stream_close,872,drm_dev_put(&gt->tile->xe->drm);,874-878,false,high,The fix moves drm_dev_put() after all stream and device cleanup.,provisional
case_004,CVE-2026-53276,net/bluetooth/iso.c,true,CWE-416,iso_sock_rebind_bc,1093,hci_dev_lock(bis->hdev);,1093,false,high,The fix uses the separately referenced hdev rather than bis after dropping the socket lock.,provisional
case_005,CVE-2026-53275,net/ipv6/mcast.c,true,CWE-416,__mld_query_work,1461,group = &mld->mld_mca;,1512,false,high,The fix copies the multicast address before skb pull operations rather than retaining a pointer into skb storage.,provisional
case_006,CVE-2026-53273,drivers/tee/optee/supp.c,true,CWE-416,optee_supp_thrd_req; supp_pop_entry; supp_pop_req; optee_supp_send,117;123;128,An interrupted client frees req while the same request can remain reachable from supp->idr and be dereferenced by the supplicant path.,296;300;339,false,medium,The fix serializes request lookup and lifetime through supp->mutex and preserves an ID placeholder when the client exits.,provisional
case_007,CVE-2026-53272,fs/erofs/zdata.c,true,CWE-416,z_erofs_decompress_kickoff,1460;1463-1464,"The work is queued before the final sbi->sync_decompress access, allowing unmount to free sbi first.",1463-1464,false,high,The fix performs the sbi access before queue_work() can let unmount complete.,provisional
case_008,CVE-2026-53264,include/net/act_api.h,false,CWE-416,,,,,true,high,This file supports the fix; the independently identifiable root cause is in net/sched/act_api.c.,provisional
case_008,CVE-2026-53264,net/sched/act_api.c,true,CWE-416,free_tcf,129,kfree(p);,129,false,high,The fix replaces immediate kfree() with kfree_rcu() for an object still visible to RCU readers.,provisional
case_009,CVE-2026-53260,net/ipv4/inet_connection_sock.c,true,CWE-416,reqsk_queue_hash_req,1189;1195,The request timer can run after mod_timer() but before the request reference count is initialized.,,false,high,The fix disables preemption across timer activation and refcount initialization on PREEMPT_RT.,provisional
case_010,CVE-2026-53259,net/ipv6/anycast.c,true,CWE-416,__ipv6_dev_ac_inc,374;376,"idev->lock is released before the anycast object is published to the global hash, leaving a teardown race window.",376,false,high,The fix publishes the global hash entry while idev->lock still prevents concurrent teardown.,provisional
case_011,CVE-2026-53325,drivers/char/agp/amd64-agp.c,true,CWE-476,agp_amd64_probe; amd64_fetch_size,549,"if (cache_nbs(pdev, cap_ptr) == -1) {",128,false,high,"The fix accepts every negative cache_nbs() error, preventing initialization without a northbridge.",provisional
case_012,CVE-2026-53324,drivers/net/ethernet/microsoft/mana/gdma_main.c,true,CWE-476,mana_gd_probe,1933-1934,"gc->mana_pci_debugfs = debugfs_create_dir(pci_slot_name(pdev->slot), | mana_debugfs_root);",1933-1934,false,high,"The fix replaces pci_slot_name(pdev->slot) with pci_name(pdev), which does not require a non-NULL slot.",provisional
case_013,CVE-2026-53318,drivers/net/wireless/mediatek/mt76/mt7925/mac.c,true,CWE-476,mt7925_tx_check_aggr,852;856,link_sta = rcu_dereference(sta->link[wcid->link_id]); | if (!sta || !(link_sta->ht_cap.ht_supported || link_sta->he_cap.has_he)),852,false,high,The fix checks sta before the first sta->link dereference.,provisional
case_014,CVE-2026-53316,drivers/gpu/drm/amd/ras/rascore/ras_core.c,true,CWE-476,ras_core_ras_interrupt_detected,553,"RAS_DEV_ERR(ras_core->dev, ""Failed to detect ras interrupt!\n"");",553,false,high,The error log dereferences ras_core even when the preceding condition failed because ras_core is NULL.,provisional
case_015,CVE-2026-53315,drivers/gpu/drm/amd/ras/rascore/ras_core.c,true,CWE-476,ras_core_get_utc_second_timestamp,534,"RAS_DEV_ERR(ras_core->dev, ""Failed to get system timestamp!\n"");",534,false,high,The fix returns early when ras_core is NULL before the error logger accesses ras_core->dev.,provisional
case_016,CVE-2026-53313,drivers/gpu/drm/amd/display/dc/dc_dmub_srv.c,true,CWE-476,dc_dmub_srv_log_diagnostic_data; dc_dmub_srv_enable_dpia_trace,961-962;1166-1167,"The NULL branch invokes DC_LOG_ERROR(), whose logging context dereferences dc_dmub_srv.",962;1167,false,high,The fix splits the NULL checks so logging occurs only after dc_dmub_srv itself is known valid.,provisional
case_017,CVE-2026-53307,drivers/pinctrl/pinconf-generic.c,true,CWE-476,pinconf_generic_parse_dt_pinmux,269,An empty pinmux property produces zero-sized allocation sentinel pointers that are returned as valid arrays.,285-287,false,high,The fix rejects npins_t == 0 before allocating and returning pin arrays.,provisional
case_018,CVE-2026-53305,drivers/usb/typec/mux/ps883x.c,true,CWE-476,ps883x_retimer_probe; ps883x_retimer_remove,414,"Probe succeeds without storing retimer as I2C client data, so remove retrieves NULL and dereferences it.",433;435,false,high,The fix stores the probe object with i2c_set_clientdata() for the remove callback.,provisional
case_019,CVE-2026-53302,drivers/crypto/inside-secure/eip93/eip93-common.c,true,CWE-476,eip93_hmac_setkey,734,"ahash_tfm = crypto_alloc_ahash(alg_name, 0, CRYPTO_ALG_ASYNC);",,false,medium,"The async-only driver transform is excluded by the old allocation mask, leaving the later request state incompletely initialized.",provisional
case_020,CVE-2026-53301,drivers/reset/amlogic/reset-meson.c,true,CWE-476,file scope (t7_param),44-49,"The t7_param initializer omits reset_ops, leaving a callback pointer NULL.",,false,high,The fix adds the missing reset_ops member to t7_param.,provisional
case_021,CVE-2026-53308,drivers/power/supply/max77705_charger.c,true,CWE-401,max77705_charger_probe,649,The manually allocated workqueue has no successful-remove cleanup and is destroyed before devm IRQ teardown on probe errors.,688,false,medium,The fix uses a device-managed ordered workqueue so successful removal and probe failure unwind in the correct order.,provisional
case_022,CVE-2026-53261,net/devlink/core.c,true,CWE-401,devlink_free,489,devlink_free() drops the object without releasing a nested relation created before registration.,,false,high,The fix calls devlink_rel_put() from devlink_free() for pre-registration failure paths.,provisional
case_023,CVE-2026-53258,net/wireless/scan.c,true,CWE-401,cfg80211_scan,1104,"return rdev_scan(rdev, request);",1104,false,high,The fix frees the split-scan request when rdev_scan() returns an error.,provisional
case_024,CVE-2026-53252,net/bluetooth/hci_sysfs.c,true,CWE-401,bt_host_release,86-89,"if (hci_dev_test_flag(hdev, HCI_UNREGISTER)) | hci_release_dev(hdev); | else | kfree(hdev);",89,false,high,The fix cleans up hdev->srcu before directly freeing an unregistered HCI device.,provisional
case_025,CVE-2026-53229,drivers/net/ethernet/mellanox/mlx5/core/en/xdp.c,true,CWE-401,mlx5e_xmit_xdp_buff,105-107,"if (unlikely(!INDIRECT_CALL_2(sq->xmit_xdp_frame, mlx5e_xmit_xdp_frame_mpwqe, | mlx5e_xmit_xdp_frame, sq, xdptxd, 0, NULL))) | return false;",107,false,high,The fix unmaps DMA and returns the XDP frame when xmit_xdp_frame() fails.,provisional
case_026,CVE-2026-53227,net/openvswitch/datapath.c,true,CWE-401,ovs_flow_cmd_set,1262-1264,On allocation failure reply remains an ERR_PTR that the shared cleanup path passes to kfree_skb().,1282,false,high,The fix clears reply after saving PTR_ERR so the cleanup path cannot free an ERR_PTR.,provisional
case_027,CVE-2026-53226,drivers/gpio/gpio-rockchip.c,true,CWE-401,rockchip_gpio_remove,805-806,if (bank->domain) | irq_domain_remove(bank->domain);,806,false,high,The fix removes generic IRQ chips before deleting their domain.,provisional
case_028,CVE-2026-53222,drivers/ptp/ptp_ocp.c,true,CWE-401,ptp_ocp_detach; ptp_ocp_ts_enable,2482-2483;4870-4875;4885-4889,"Detach releases timestamp and IRQ resources before ptp_clock_unregister(), whose event shutdown can still use them.",4888,false,medium,The fix disables and synchronizes timestamp IRQs and unregisters the PTP clock before dependent resources are freed.,provisional
case_029,CVE-2026-53213,drivers/gpu/drm/vc4/vc4_validate_shaders.c,true,CWE-401,require_uniform_address_uniform,292-297,"validated_shader->uniform_addr_offsets = | krealloc(validated_shader->uniform_addr_offsets, | (o + 1) * | sizeof(*validated_shader->uniform_addr_offsets), | GFP_KERNEL); | if (!validated_shader->uniform_addr_offsets)",297,false,high,The fix stores krealloc_array() in a temporary pointer before replacing the owned allocation.,provisional
case_030,CVE-2026-53211,net/bridge/netfilter/nft_meta_bridge.c,true,CWE-401,nft_meta_bridge_get_eval,67,A six-byte memcpy leaves two bytes of the eight-byte destination register span uninitialized.,67,false,high,The fix zeroes the second register word before copying the six-byte MAC address.,provisional
case_031,CVE-2026-53303,fs/f2fs/sysfs.c,true,CWE-125,f2fs_sbi_show,361-362,int cold_count = le32_to_cpu(sbi->raw_super->extension_count); | int hot_count = sbi->raw_super->hot_ext_count;,366-371,false,high,The fix holds sb_lock while reading counts and indexing the extension list.,provisional
case_032,CVE-2026-53268,net/netfilter/nf_conntrack_irc.c,true,CWE-125,help,211;225,continue;,198,false,high,The fix exits parsing after a matched DCC command fails validation instead of continuing with advanced input.,provisional
case_033,CVE-2026-53255,net/bluetooth/mgmt.c,true,CWE-125,tlv_data_is_valid,7633;7658,The parser reads data[i + 1] for multiple EIR type tests before checking whether the current TLV fits in len.,7638;7642;7645;7648;7651,false,high,The bounds check is moved ahead of every data[i + 1] type access.,provisional
case_034,CVE-2026-53254,net/bluetooth/rfcomm/core.c,true,CWE-125,rfcomm_recv_pn; rfcomm_recv_rpn; rfcomm_recv_rls; rfcomm_recv_msc; rfcomm_recv_mcc,1434;1486;1592;1611;1647,MCC handlers cast skb->data and dereference protocol fields without first proving skb->len is sufficient.,1436;1487;1498-1500;1593;1595;1613;1615;1649-1652,false,high,The fix uses skb_pull_data() in every affected MCC handler before field access.,provisional
case_035,CVE-2026-53253,net/bluetooth/bnep/core.c,true,CWE-125,bnep_rx_control; bnep_rx_frame,211;306;308;329,The receive path dereferences fixed header bytes and the setup UUID length before validating that those bytes exist.,211;306;308;329,false,high,The fix gates each BNEP fixed-field dereference with skb_pull_data().,provisional
case_036,CVE-2026-53230,drivers/net/ethernet/mellanox/mlx5/core/eswitch.c,false,CWE-125,,,,,true,high,This file supports the fix; the independently identifiable root cause is in drivers/net/ethernet/mellanox/mlx5/core/vport.c.,provisional
case_036,CVE-2026-53230,drivers/net/ethernet/mellanox/mlx5/core/vport.c,true,CWE-125,mlx5_query_nic_vport_mac_list,269;271-273;301-305;309,"Buffer sizing uses PF capabilities, then trusts a VF-reported allowed_list_size as the copy-loop bound.",309,false,high,The fix derives the queried vport capacity and allocates the returned MAC list to the actual allowed-list size.,provisional
case_036,CVE-2026-53230,include/linux/mlx5/vport.h,false,CWE-125,,,,,true,high,This file supports the fix; the independently identifiable root cause is in drivers/net/ethernet/mellanox/mlx5/core/vport.c.,provisional
case_037,CVE-2026-53224,net/sctp/bind_addr.c,true,CWE-125,sctp_raw_to_bind_addrs,275;294-296,The raw address loop reads parameter headers and advances by their declared length without bounding either against addrs_len.,278-280,false,high,"The fix adds minimum INIT, remaining-cookie, parameter-header, and parameter-length checks.",provisional
case_037,CVE-2026-53224,net/sctp/sm_make_chunk.c,true,CWE-125,sctp_unpack_cookie,1764,Cookie validation checks only an upper bound and omits the minimum INIT size and raw address list bound.,,false,high,"The fix adds minimum INIT, remaining-cookie, parameter-header, and parameter-length checks.",provisional
case_038,CVE-2026-53179,drivers/staging/rtl8723bs/core/rtw_mlme.c,true,CWE-125,update_current_network; rtw_joinbss_update_network,474-475;1084-1085,Both callers advance the IE pointer past the fixed header but pass the original unsubtracted IE length to rtw_update_protection().,474-475;1084-1085,false,high,The fix validates and subtracts the fixed-IE prefix before passing the remaining IE length.,provisional
case_039,CVE-2026-53172,drivers/accel/ethosu/ethosu_gem.c,true,CWE-125,ethosu_gem_cmdstream_copy_and_validate; feat_matrix_length,467,st.ifm.region = param & 0x7f;,229,false,high,"The fix changes the IFM region mask from 0x7f to 0x7, matching the eight-element arrays.",provisional
case_040,CVE-2026-53149,drivers/thunderbolt/property.c,true,CWE-125,__tb_property_parse_dir,187-190,The root-directory path accepts content_offset plus content_len beyond block_len before forming and walking entries.,205;211,false,high,The fix rejects root directory content whose computed end exceeds block_len.,provisional
case_041,CVE-2026-53246,net/sctp/sm_make_chunk.c,true,CWE-787,sctp_unpack_cookie,1760,The cached peer INIT chunk following bear_cookie is returned for later parsing without validating its declared length against the remaining COOKIE_ECHO payload.,,false,high,The fix validates the cached INIT chunk header length against the COOKIE_ECHO remainder before later parameter walking.,provisional
case_042,CVE-2026-53209,net/bluetooth/hci_sync.c,true,CWE-787,hci_adv_bcast_annoucement,1728,"memcpy(ad + len, adv->adv_data, adv->adv_data_len);",1728,false,high,The fix checks adv_data_len against the remaining temporary-buffer capacity before memcpy().,provisional
case_043,CVE-2026-53205,drivers/accel/ivpu/ivpu_fw_log.c,true,CWE-787,fw_log_print_buffer,98-99,Firmware-controlled read and write indices are used as offsets into log_data without being bounded by data_size.,115;117-118,false,high,The fix clamps firmware log indices to data_size before pointer arithmetic.,provisional
case_044,CVE-2026-53203,drivers/accel/ivpu/ivpu_ms.c,true,CWE-787,ivpu_ms_get_info_ioctl,299-300,"if (copy_to_user(u64_to_user_ptr(args->buffer_ptr), ivpu_bo_vaddr(bo), info_size)) | ret = -EFAULT;",299-300,false,high,The fix rejects firmware info_size values larger than the allocated BO before copy_to_user().,provisional
case_045,CVE-2026-53196,drivers/usb/serial/io_ti.c,true,CWE-787,get_manuf_info,776-777,"status = read_rom(serial, start_address+sizeof(struct ti_i2c_desc), | le16_to_cpu(rom_desc->Size), buffer);",776-777;781,false,high,The fix requires the device descriptor Size to equal the destination object size before read_rom().,provisional
case_046,CVE-2026-53195,drivers/usb/serial/io_ti.c,true,CWE-787,build_i2c_fw_hdr,847-849,"memcpy(buffer + sizeof(struct ti_i2c_firmware_rec), | &fw->data[4 + sizeof(struct ti_i2c_image_header)], | le16_to_cpu(img_header->Length));",847-849,false,high,The fix bounds the firmware image Length by buffer_size minus the record header before memcpy().,provisional
case_047,CVE-2026-53194,drivers/usb/serial/kl5kusb105.c,true,CWE-787,klsi_105_prepare_write_buffer,360-361,"count = kfifo_out_locked(&port->write_fifo, buf + KLSI_HDR_LEN, size, | &port->lock);",360-361,false,high,The fix limits FIFO extraction to size minus the two-byte output header.,provisional
case_048,CVE-2026-53187,drivers/infiniband/core/uverbs_std_types_dmah.c,true,CWE-787,UVERBS_HANDLER(UVERBS_METHOD_DMAH_ALLOC),50,"if (!cpumask_test_cpu(dmah->cpu_id, current->cpus_ptr)) {",50,false,high,The fix rejects cpu_id >= nr_cpu_ids before cpumask_test_cpu().,provisional
case_049,CVE-2026-53173,drivers/accel/ethosu/ethosu_gem.c,true,CWE-787,ethosu_gem_cmdstream_copy_and_validate,403-404,i++; | bocmds[i] = cmds[1];,404,false,high,The fix rechecks the command-word index after incrementing it for a 64-bit command.,provisional
case_050,CVE-2026-53148,drivers/thunderbolt/xdomain.c,true,CWE-787,tb_xdp_properties_request,396,"memcpy(data + req.offset, res->data, len * 4);",396,false,high,The fix clamps each response copy so req.offset plus len cannot exceed data_len.,provisional
case_051,CVE-2026-53323,net/dsa/conduit.c,true,CWE-667,dsa_conduit_get_regs_len; dsa_conduit_get_regs; dsa_conduit_get_ethtool_stats; dsa_conduit_get_ethtool_phy_stats; dsa_conduit_get_sset_count; dsa_conduit_get_strings,30;32;63;66;71;118;121;152;155;179;185;242;256,DSA ethtool wrappers reacquire the conduit netdev operations lock even though the calling ethtool path already holds it.,30;63;118;152;179;242,false,high,The fix removes nested netdev_lock_ops() calls from conduit ethtool wrappers.,provisional
case_052,CVE-2026-53304,drivers/scsi/sg.c,true,CWE-667,file scope (def_reserved_size module parameter); sg_add_sfp,1624-1625,"def_reserved_size is directly writable without a validating setter, allowing negative or oversized values to reach sg_add_sfp().",2183-2188,false,high,The fix installs a validating module-parameter setter that enforces the documented reserved-buffer range.,provisional
case_053,CVE-2026-53293,drivers/gpu/drm/amd/amdgpu/amdgpu_kms.c,true,CWE-667,amdgpu_info_ioctl,886;911;933;937,"The READ_MMR_REG path holds the reset-domain read semaphore while allocating memory and copying to userspace, with an unsafe lock order.",911;933,false,medium,The fix allocates before taking the reset semaphore and releases the semaphore before copy_to_user().,provisional
case_054,CVE-2026-53231,drivers/net/phy/phy_device.c,true,CWE-667,phy_setup_ports,3515,ret = phy_sfp_probe(phydev);,3515,false,high,"The fix skips PHY-driven SFP setup for genphy, whose probe already runs under RTNL.",provisional
case_055,CVE-2026-53207,include/linux/hugetlb.h,false,CWE-667,,,,,true,high,This file supports the fix; the independently identifiable root cause is in mm/hugetlb.c; mm/memory-failure.c.,provisional
case_055,CVE-2026-53207,include/linux/mm.h,false,CWE-667,,,,,true,high,This file supports the fix; the independently identifiable root cause is in mm/hugetlb.c; mm/memory-failure.c.,provisional
case_055,CVE-2026-53207,mm/hugetlb.c,true,CWE-667,get_huge_page_for_hwpoison,7169-7171,"The wrapper holds hugetlb_lock across __get_huge_page_for_hwpoison(), including its reference-drop path.",7170,false,high,The fix moves lock ownership into memory-failure.c and unlocks before folio_put().,provisional
case_055,CVE-2026-53207,mm/memory-failure.c,true,CWE-667,__get_huge_page_for_hwpoison,1970;2018-2019,"The out path calls folio_put() while its hugetlb.c caller still holds hugetlb_lock, allowing recursive acquisition during folio free.",2019,false,high,The fix moves lock ownership into memory-failure.c and unlocks before folio_put().,provisional
case_056,CVE-2026-53197,net/xfrm/xfrm_iptfs.c,true,CWE-667,iptfs_destroy_state,2733-2734;2742-2743,spin_lock_bh(&xtfs->x->lock); | hrtimer_cancel(&xtfs->iptfs_timer); | spin_lock_bh(&xtfs->drop_lock); | hrtimer_cancel(&xtfs->drop_timer);,2734;2743,false,high,The fix calls both hrtimer_cancel() operations without holding locks taken by their callbacks.,provisional
case_057,CVE-2026-53180,kernel/time/timer_migration.c,true,CWE-667,tmigr_handle_remote_cpu,934-935,if (cpu != smp_processor_id()) | timer_expire_remote(cpu);,934-935,false,high,The fix expires the selected CPU unconditionally so an already-expired timer cannot be requeued forever.,provisional
case_058,CVE-2026-53125,drivers/md/md.c,true,CWE-667,md_attr_store,6133;6135-6136,"mddev_put() runs before sysfs active protection is restored, so the final kobject drop can recurse into the live sysfs writer.",6136,false,high,The fix restores sysfs active protection before dropping the mddev reference.,provisional
case_059,CVE-2026-53122,fs/btrfs/reflink.c,true,CWE-667,clone_copy_inline_extent,299;323-325,"After copying an inline extent beyond EOF, the code starts a transaction without first extending the destination inode i_size.",299,false,high,The fix updates i_size after the inline copy and before starting the transaction.,provisional
case_060,CVE-2026-53103,drivers/net/wireless/mediatek/mt76/mt7925/main.c,true,CWE-667,mt7925_roc_abort_sync,456,cancel_work_sync(&phy->roc_work);,456,false,high,The fix avoids cancel_work_sync() while the caller may hold the mutex needed by roc_work().,provisional
case_061,CVE-2026-53311,fs/fuse/dir.c,true,CWE-908,fuse_dentry_init; fuse_dentry_revalidate,483;485,"fuse_dentry_init() publishes a new dentry without initializing d_time, which fuse_dentry_revalidate() immediately reads.",394,false,high,The fix initializes dentry->d_time to a deliberately invalid epoch in fuse_dentry_init().,provisional
case_062,CVE-2026-53243,include/linux/rseq_entry.h,true,CWE-908,rseq_exit_user_update,638-642,"struct rseq_ids ids = { | .cpu_id	 = task_cpu(t), | .mm_cid	 = task_mm_cid(t), | .node_id = cpu_to_node(ids.cpu_id), | };",641,false,high,The fix computes CPU in a separate initialized local before using it to derive node_id.,provisional
case_063,CVE-2026-53225,net/sctp/input.c,true,CWE-908,__sctp_rcv_asconf_lookup,1169;1173;1179,Only the parameter header is bounded; from_addr_param() can read the full declared address beyond a truncated ASCONF chunk.,1179,false,high,The fix verifies the complete variable-length address parameter lies within the ASCONF chunk.,provisional
case_064,CVE-2026-53218,net/netfilter/nft_exthdr.c,true,CWE-908,nft_exthdr_init; nft_exthdr_ipv6_eval; nft_exthdr_ipv4_eval; nft_exthdr_tcp_eval; nft_exthdr_sctp_eval,459-465,"For F_PRESENT, user-controlled len marks a larger register span initialized although evaluation writes only a one-byte presence value.",60;154;215;389;405,false,high,The fix requires len == 1 whenever NFT_EXTHDR_F_PRESENT is requested.,provisional
case_065,CVE-2026-53170,drivers/accel/ethosu/ethosu_gem.c,true,CWE-908,dma_length; ethosu_gem_cmdstream_copy_and_validate,165;170-172,"The U64_MAX uninitialized-length sentinel is arithmetically wrapped before the caller tests for U64_MAX, bypassing DMA bounds accounting.",186;407-408,false,high,The fix rejects the U64_MAX length sentinel before stride arithmetic can wrap it.,provisional
case_066,CVE-2026-53167,fs/fuse/dev.c,true,CWE-908,fuse_retrieve,1927;1935-1937,"FUSE_NOTIFY_RETRIEVE includes page-cache folios without checking folio_test_uptodate(), so uninitialized contents can be returned.",1950;1952,false,high,The fix excludes non-uptodate folios from FUSE_NOTIFY_RETRIEVE.,provisional
case_067,CVE-2026-53142,drivers/gpu/drm/xe/display/xe_display.c,true,CWE-908,xe_display_init_early; xe_display_flush_cleanup_work,125;127,"Runtime display discovery can clear display presence, but probe_display remains true and later cleanup walks uninitialized CRTC state.",250,false,high,The fix rechecks display presence after runtime initialization and disables later display paths when absent.,provisional
case_068,CVE-2026-53082,drivers/net/hamradio/6pack.c,true,CWE-908,sixpack_receive_buf,448-457,"count1 = count; | while (count) { | count--; | if (fp && *fp++) { | if (!test_and_set_bit(SIXPF_ERROR, &sp->flags)) | sp->dev->stats.rx_errors++; | continue; | } | sixpack_decode(sp, cp, count1);",457,false,high,The fix advances cp for every input byte and decodes only one validated byte at a time.,provisional
case_069,CVE-2026-53029,fs/ntfs3/inode.c,true,CWE-908,ntfs_iomap_begin,825,if (lcn == EOF_LCN) {,825,false,high,The fix moves the zero-clen check before the first read of lcn.,provisional
case_070,CVE-2026-52989,drivers/nvme/target/tcp.c,true,CWE-908,nvmet_tcp_build_pdu_iovec; nvmet_tcp_handle_req_failure; nvmet_tcp_handle_h2c_data_pdu; nvmet_tcp_done_recv_pdu,367-369;375-381,"nvmet_tcp_build_pdu_iovec() reports fatal input only through side effects and returns void, so callers continue with an uninitialized msg_iter.",986-987;1040-1042;1120-1122,false,high,The fix returns status from iovec construction and makes every caller stop on failure.,provisional
case_071,CVE-2026-53085,kernel/bpf/task_iter.c,true,CWE-825,bpf_iter_task_vma_new; bpf_iter_task_vma_next; bpf_iter_task_vma_destroy,841;849;880-882,"The iterator reads task->mm without acquiring an mm reference, then stores and later dereferences that pointer while the task can exit.",849;872;880,false,high,The fix safely acquires an mm reference and releases it from destroy and error paths.,provisional
case_072,CVE-2026-53033,net/unix/af_unix.c,true,CWE-825,bpf_iter_unix_seq_show,3629;3639,"The BPF iterator callback runs without unix_state_lock(), allowing unix_peer() state to change and become stale during sockmap update.",3639,false,high,The fix takes unix_state_lock() across the BPF iterator callback.,provisional
case_073,CVE-2026-53006,net/ipv6/icmp.c,true,CWE-825,icmpv6_rcv,941-942;950,"Pointers into the skb IPv6 header are cached before pskb_pull(), which may relocate skb->head, and are dereferenced afterward.",946;1028-1029,false,high,The fix reloads IPv6 header addresses after skb pull operations instead of caching interior pointers.,provisional
case_074,CVE-2026-52976,drivers/gpu/drm/xe/xe_exec_queue.c,true,CWE-825,xe_exec_queue_create_ioctl,1230;1239,Two failure gotos reach xe_exec_queue_put() without first unlinking the queue from the VM or hardware-engine-group list.,1251,false,high,The fix routes both failures through cleanup that unlinks the queue before xe_exec_queue_put().,provisional
case_075,CVE-2026-52973,kernel/fork.c,true,CWE-825,need_futex_hash_allocate_default; copy_process,1914-1916,Default futex-hash allocation is restricted to CLONE_THREAD even though other CLONE_VM children share the mm and can race its futex reference.,2303-2305,false,medium,The fix allocates a default futex hash for any non-vfork CLONE_VM child.,provisional
case_076,CVE-2026-52952,drivers/iommu/iommu.c,true,CWE-825,__iommu_group_set_domain_internal,2479-2480,"The recovery fence rejects must-succeed domain updates, allowing group->domain to keep pointing at a domain that teardown frees.",,false,medium,The fix honors IOMMU_SET_DOMAIN_MUST_SUCCEED while still skipping individually blocked devices.,provisional
case_077,CVE-2026-52950,drivers/gpu/drm/xe/xe_dma_buf.c,true,CWE-825,xe_dma_buf_init_obj; xe_gem_prime_import,314;317,The validation retry loop can retry xe_bo_init_locked() with storage that its previous failed attempt already freed.,314,false,medium,The fix combines allocation and initialization so each retry receives fresh storage.,provisional
case_078,CVE-2026-52924,net/sctp/sm_statefuns.c,true,CWE-825,sctp_sf_do_5_2_6_stale,2601-2605,"Stale-cookie rollback retransmits queued data instead of purging the old outqueue, leaving stream->out_curr pointing into freed stream state.",,false,medium,The fix purges the old outqueue before rebuilding stream scheduler state.,provisional
case_079,CVE-2026-52923,ipc/util.c,true,CWE-825,ipc_idr_alloc,255-256,"idx = idr_alloc(&ids->ipcs_idr, new, ipcid_to_idx(next_id), | 0, GFP_NOWAIT);",255-256,false,high,The fix supplies ipc_mni as the exclusive upper bound to idr_alloc().,provisional
case_080,CVE-2026-46243,fs/smb/client/cifs_spnego.c,true,CWE-825,file scope (cifs_spnego_key_type),47-52,The cifs.spnego key type accepts userspace instantiation without vetting that authority-bearing descriptions originate from CIFS credentials.,49,false,medium,The fix adds a vet_description callback that accepts descriptions only under CIFS's private credential.,provisional
case_081,CVE-2026-53108,arch/powerpc/include/asm/book3s/64/pgtable.h,true,CWE-362,pmdp_huge_get_and_clear,1316-1320,The architecture helper dispatches non-present migration/device-private PMDs through helpers intended for present huge PMDs.,1316-1320,false,high,The fix handles non-present PMDs explicitly and removes the assertion that a migration-state PMD cannot occur.,provisional
case_081,CVE-2026-53108,arch/powerpc/mm/book3s64/pgtable.c,true,CWE-362,pmdp_huge_get_and_clear_full,213-215,A racing non-present PMD is treated as impossible and triggers VM_BUG_ON instead of being cleared safely.,213-214,false,high,The fix handles non-present PMDs explicitly and removes the assertion that a migration-state PMD cannot occur.,provisional
case_082,CVE-2026-53086,drivers/net/ethernet/broadcom/genet/bcmgenet.c,true,CWE-362,bcmgenet_timeout,3485;3488;3490;3494;3500,"A timeout for one TX queue reclaims and restarts every queue, racing queues that are still active.",3488,false,high,The fix recovers only the timed-out TX ring rather than touching all concurrently active queues.,provisional
case_083,CVE-2026-53050,fs/quota/dquot.c,true,CWE-362,dquot_scan_active,646,dquot_scan_active() increments dq_count without removing a zero-count dquot from the concurrent releasing list.,655-657,false,high,"The fix acquires a reference through __dqgrab(), which removes zero-count dquots from the releasing list under dq_list_lock.",provisional
case_083,CVE-2026-53050,include/linux/quotaops.h,false,CWE-362,,,,,true,high,This file supports the fix; the independently identifiable root cause is in fs/quota/dquot.c.,provisional
case_084,CVE-2026-53020,arch/um/kernel/tlb.c,true,CWE-362,um_tlb_sync,168,"The TLB synchronization walk reads and modifies page tables while holding only sync_tlb_lock, not mm->page_table_lock.",183;190;193,false,medium,The fix takes mm->page_table_lock for the walk and disables split PTE locks for UML.,provisional
case_084,CVE-2026-53020,mm/Kconfig,false,CWE-362,,,,,true,high,This file supports the fix; the independently identifiable root cause is in arch/um/kernel/tlb.c.,provisional
case_085,CVE-2026-53008,drivers/net/ethernet/intel/ice/ice.h,true,CWE-362,ice_is_txtime_cfg,781,The timestamp-enabled flag is read non-atomically while teardown changes it concurrently.,781,false,high,"The fix uses atomic bit operations, orders flag clearing before pointer clearing, and validates the pointer after the ordered read.",provisional
case_085,CVE-2026-53008,drivers/net/ethernet/intel/ice/ice_dcb_lib.c,false,CWE-362,,,,,true,high,This file supports the fix; the independently identifiable root cause is in drivers/net/ethernet/intel/ice/ice.h; drivers/net/ethernet/intel/ice/ice_txrx.c.,provisional
case_085,CVE-2026-53008,drivers/net/ethernet/intel/ice/ice_lib.c,false,CWE-362,,,,,true,high,This file supports the fix; the independently identifiable root cause is in drivers/net/ethernet/intel/ice/ice.h; drivers/net/ethernet/intel/ice/ice_txrx.c.,provisional
case_085,CVE-2026-53008,drivers/net/ethernet/intel/ice/ice_txrx.c,true,CWE-362,ice_free_tx_tstamp_ring; ice_tx_map,193-195;1523-1526,"Teardown clears tstamp_ring before clearing the flag, while transmit trusts the flag and immediately dereferences the pointer.",1525,false,high,"The fix uses atomic bit operations, orders flag clearing before pointer clearing, and validates the pointer after the ordered read.",provisional
case_085,CVE-2026-53008,drivers/net/ethernet/intel/ice/ice_txrx.h,false,CWE-362,,,,,true,high,This file supports the fix; the independently identifiable root cause is in drivers/net/ethernet/intel/ice/ice.h; drivers/net/ethernet/intel/ice/ice_txrx.c.,provisional
case_086,CVE-2026-52991,kernel/cgroup/cgroup.c,true,CWE-362,pressure_write,4000;4005;4010;4013;4025,"pressure_write() reads of->priv before acquiring the live cgroup lock and uses it after releasing protection, racing cgroup_file_release().",4013;4025,false,high,The fix keeps the live cgroup lock around all of->priv uses and checks for a NULL context after locking.,provisional
case_087,CVE-2026-46298,arch/powerpc/platforms/pseries/papr-hvpipe.c,true,CWE-362,papr_hvpipe_handle_release; papr_hvpipe_dev_create_handle,453;464;467;484;491;496;513;520;524,Process-context paths take hvpipe_src_list_lock without disabling local IRQs even though the interrupt handler takes the same lock.,453;484;513,false,high,The fix changes all relevant lock operations to spin_lock_irqsave()/spin_unlock_irqrestore().,provisional
case_088,CVE-2026-46275,drivers/bluetooth/hci_ldisc.c,true,CWE-362,hci_uart_init_work; hci_uart_close; hci_uart_tty_close; hci_uart_tty_receive; hci_uart_register_dev,197-201;268;547-560;630-631;695-700,"Close and initialization error paths incompletely synchronize work, protocol state, and hdev lifetime, permitting work or callbacks to use freed objects.",201;268;558;560;566;631;698;700,false,medium,"The fix reorders teardown, cancels work independently of PROTO_READY, and keeps hdev accesses inside protocol locking.",provisional
case_089,CVE-2026-46272,drivers/hwtracing/coresight/coresight-tmc-etr.c,true,CWE-362,tmc_enable_etr_sink_sysfs,1302;1307;1314;1319,The sysfs path checks mode while obtaining its buffer but does not recheck for a concurrent switch to perf mode after taking the hardware lock.,1319,false,high,The fix rechecks CS_MODE_PERF inside the hardware critical section before enabling sysfs mode.,provisional
case_090,CVE-2026-46187,drivers/net/wireless/rsi/rsi_common.h,true,CWE-362,rsi_kill_thread,78,return kthread_stop(handle->task);,78,false,high,The fix waits for the thread's completion instead of calling kthread_stop() on a task that may already be freed.,provisional
case_091,CVE-2026-53319,block/blk-wbt.c,true,CWE-617,wbt_init_enable_default,785;788,"if (WARN_ON_ONCE(!rwb)) | if (WARN_ON_ONCE(wbt_init(disk, rwb))) {",785;788,false,high,The fix handles expected allocation and initialization failures without WARN_ON_ONCE().,provisional
case_092,CVE-2026-53292,net/phonet/socket.c,true,CWE-617,pn_socket_autobind,213,BUG_ON(!pn_port(pn_sk(sock->sk)->sobject));,213,false,high,The fix propagates an unbound -EINVAL result instead of asserting that a port must exist.,provisional
case_093,CVE-2026-53285,drivers/gpu/drm/amd/display/dc/resource/dcn32/dcn32_resource.c,true,CWE-617,dcn32_enable_phantom_plane,1687,"phantom_plane = dc_state_create_phantom_plane(dc, context, curr_pipe->plane_state);",1687,false,high,The fix runs phantom-plane allocation with preemption enabled instead of inside the FPU-disabled region.,provisional
case_094,CVE-2026-53169,drivers/accel/ethosu/ethosu_gem.c,true,CWE-617,ethosu_gem_cmdstream_copy_and_validate,452,WARN_ON(1); // TODO,452,false,high,The fix rejects the unsupported userspace command with -EINVAL instead of unconditionally warning.,provisional
case_095,CVE-2026-53039,fs/ocfs2/resize.c,true,CWE-617,ocfs2_group_add,503;505,A user-selected group block is inserted into the metadata cache before ocfs2_verify_group_and_input() validates it.,503,false,high,The fix validates the descriptor before caching it and uses the owning bitmap inode's cache.,provisional
case_096,CVE-2026-52961,fs/ceph/xattr.c,true,CWE-617,__ceph_setxattr,1234;1255;1257-1258,"required_blob_size is computed before __build_xattrs(), which can drop the lock and rebuild a larger tree, then the stale size is reused.",1257-1258,false,high,The fix recomputes and revalidates required_blob_size after __build_xattrs() returns.,provisional
case_097,CVE-2026-52954,net/ceph/osdmap.c,true,CWE-617,decode_choose_args,397,"insert_choose_arg_map(&c->choose_args, arg_map);",397,false,high,The fix uses non-asserting rbtree insertion and rejects duplicate choose_args indices.,provisional
case_098,CVE-2026-46287,drivers/net/ethernet/wangxun/txgbe/txgbe_phy.c,true,CWE-617,txgbe_remove_phy,823,phylink_disconnect_phy(txgbe->phylink);,823,false,high,The fix holds RTNL around phylink_disconnect_phy().,provisional
case_099,CVE-2026-46220,drivers/gpu/drm/amd/amdgpu/sdma_v4_0.c,true,CWE-617,sdma_v4_0_ring_emit_fence,893;903,BUG_ON(addr & 0x3);,893;903,false,high,The fix replaces both userspace-reachable BUG_ON() assertions with nonfatal warnings.,provisional
case_100,CVE-2026-46117,drivers/infiniband/hw/mana/cq.c,true,CWE-617,mana_ib_install_cq_cb,141,WARN_ON(gc->cq_table[cq->queue.id]);,141,false,high,The fix rejects a CQ table collision rather than warning and continuing into corruption.,provisional
