split,case_id,parent_hash,target_file,sha256,lines
train,case_001,1f379216ccc882bf0a1e8aeb5b7ff5a4c0e3a027,drivers/net/ethernet/freescale/enetc/ntmp.c,ea6c0a52e5fc489f7962f5657d40b3b5fda503af063b61d922ee448baaa296e9,464
train,case_001,1f379216ccc882bf0a1e8aeb5b7ff5a4c0e3a027,drivers/net/ethernet/freescale/enetc/ntmp_private.h,9b2dfbc81f6f8063b8daf437a27ca5a624bbdc505cb3b738b89c2ef11857984d,106
train,case_001,1f379216ccc882bf0a1e8aeb5b7ff5a4c0e3a027,include/linux/fsl/ntmp.h,a43c27d24da4c288dfc4ec37c54cf2419b3036ff1a6ca17258f97e5c04a6cb9a,121
train,case_002,2c93efe747a8f40f71f8198f271ca8c093c00e27,drivers/mailbox/mailbox-test.c,7517ea5dd4e40c69a8d932136d29319a3a17dec4118a1daf34ce79f46e28c2de,451
train,case_003,1be55646d8a2035343b012dcb12210db7bb8b056,drivers/gpu/drm/xe/xe_eu_stall.c,907707242833140f36e1711f6607bd0811c3b253a99b09360c38167fbf0b144b,989
train,case_004,4576621dc6577f21a032acfd16c3ad61907a5ea7,net/bluetooth/iso.c,8c8af21bc78c671ecc909d191a31c5287780f690ac79a471ad34d991cccb1773,2751
train,case_005,d324b8aa20bd3c3394e3647dc22491d88f3f4e7a,net/ipv6/mcast.c,51096f391e53725056b8cd4451e70c61a7f5fecef37e7f82b2de502ed29d4008,3248
train,case_006,94d286fa5eedc550d42bcb9c85416af8f77736ff,drivers/tee/optee/supp.c,efb32e35e9c3cbaa729fb4960c7be754ec8b8f52970473800e96b13729624460,363
train,case_007,50fd261b1ec4b31f749c4e498b877dbb0417c8a9,fs/erofs/zdata.c,aa199ae914d1eb3c9c30a9c00b0e94cf23296a54ab2d75a9684e3ed6fe1a1718,1927
train,case_008,13da856c86fb8c2ccab95034fd77da1bb2c2a17c,include/net/act_api.h,8134504b588aea5280e187c386b0892c77b3e4fbc6e5a968fc9505ceff301847,271
train,case_008,13da856c86fb8c2ccab95034fd77da1bb2c2a17c,net/sched/act_api.c,b18e0b582126e26d98ac9a6b2b310dbe0143680b4b95e0c2ae6ed2f0b2c0e55f,1739
train,case_009,c716a59e9977d751e5eb54bcfa6a80124cb5067b,net/ipv4/inet_connection_sock.c,a462efdd66b0f4fedcd6f5913a71fb1194f83318c5ce53198947f3e0c808294c,1590
train,case_010,23bf7d5c250bd91f715713bf23904eaab4e6617e,net/ipv6/anycast.c,13b8b172125bec545e436fe4415b7cf604d6f876f47fb55bfcf5ccd28f7ebcb3,656
train,case_011,f193e38cb257d033060b63f1cfd94af076b3a2ab,drivers/char/agp/amd64-agp.c,dab96f9a251470a4d0f10778887877568d34052c8cd39b32082a512a99e8b292,806
train,case_012,64daf391198cc09d6cafc4c5ba45ffb0899ae57a,drivers/net/ethernet/microsoft/mana/gdma_main.c,519bba0ff62357fcf2129cf4b8b7c4c677fddefb8a5837e13f64f5ecd1bde529,2103
train,case_013,96d4f399ef2592f9036950c3314556c5ffc156f0,drivers/net/wireless/mediatek/mt76/mt7925/mac.c,cca27a1eef410837a484a53c8962ad6970b9c0b68d190eed863979260aa16954,1508
train,case_014,a782576e28ea35157f4cf97e723ea53c0ecbd6d5,drivers/gpu/drm/amd/ras/rascore/ras_core.c,ec04ec2498b806b6ef8acf3bab106755d7f8cb9416e29e6a2c1915e5c1a8f004,651
train,case_015,15bdd0eaaf927c70f92e84280cb4268576f8e81a,drivers/gpu/drm/amd/ras/rascore/ras_core.c,8912f2030365bb4501509e719f9c7abe37a063dd35229761454677c31994f2d6,653
train,case_016,1f991ceb2c0bd37214387a645a1d3a260d423f7d,drivers/gpu/drm/amd/display/dc/dc_dmub_srv.c,9a008fbcd9045350e71192f8f6e0fecc9b2ee9e16a1fd1f5e38d52f192cd72d9,2416
train,case_017,be787fea6c66d2c24dbab6d5581b0d18a69ca332,drivers/pinctrl/pinconf-generic.c,16a83e8a8c384d0cfb0451878ee8a7b83b9819103ed35c30842ee9cb57d68703,481
train,case_018,3104a3f40feb107f77d7116ad9bf6c210ab7babf,drivers/usb/typec/mux/ps883x.c,f87a7f27fd7d3e674f68e13f562d7400fa657950b0199f37ef0ea5ed49b4c116,466
train,case_019,aec2f682d47c54ef434b2d440992626d80b1ebdc,drivers/crypto/inside-secure/eip93/eip93-common.c,3813cc609e8ed14466b9db2afe132ed8f0f3ccd66aa833b1bf70db0aa20d5484,822
train,case_020,8d4c475852778c293d5d57349a5c61e61a2561a6,drivers/reset/amlogic/reset-meson.c,d52aa929bb20399f5afb70527378a6cfe0b5ea59d2ddd5f8023a1ca7f3e99727,105
train,case_021,2064c64ceb1996ee02a6bbb1de05fd6e8028e3e4,drivers/power/supply/max77705_charger.c,4206efe1670c62b47b076e85414ee18068596b51072532e9f361740bf009563a,709
train,case_022,62f327e287cf7b595ae3f73ba72f5cd2a9e9f39f,net/devlink/core.c,b1d9381ff14d012deb89e42c7d53bed42c0a418af8a65090bd091be71eefd73b,549
train,case_023,3a967c498baa976b11d4800dda224c507416e97c,net/wireless/scan.c,b72a903eb00d07ded1884d64edc7a72b9717090450c21cfa32f126c7a3114496,4014
train,case_024,691f14b6a48b637655755134f1e551c7c6fedc2e,net/bluetooth/hci_sysfs.c,933b153666cafce334ed6f3a0fcc45109d24893581c749155c05e32f537e3f0d,117
train,case_025,2398e497389ed4be43f7cfbab499b49cec7dae1a,drivers/net/ethernet/mellanox/mlx5/core/en/xdp.c,12533a73eea2dc9920e8cd1ee2fbbe3339511816352665fd8200b582cb070b64,969
train,case_026,1132e5edc2866c3530be17622153a597095f0e43,net/openvswitch/datapath.c,7bab40ff204283a03836d0107a7453f35496393dd6d4455c638ab9ef9c2e062a,2776
train,case_027,446e8c31d0fc7f1d92c06c2d2f7e7ed27f55f0c6,drivers/gpio/gpio-rockchip.c,271dd1b3f5b41d7b49a08eaba32f29aba650da0712dc7769d994a0aaab50513c,840
train,case_028,7f2fcff15e99bb852f6967396ed12b38376e2c8d,drivers/ptp/ptp_ocp.c,5bcda594573caaf3cf15259f00f66059220ae77a61467f0e581679e40c752b79,5264
train,case_029,19a6a00ff50c284f3a9818882ad2be58b33b790a,drivers/gpu/drm/vc4/vc4_validate_shaders.c,45a27517f3c6a774f83fe80ff16f0bc094c4830b91d0bb5a016ce04abaafe8f1,954
train,case_030,941d7394efda5e054e2d6f3e0dd0f6a9ba19aaa3,net/bridge/netfilter/nft_meta_bridge.c,49c1f58d97c2c842670cb50f39ff938ce11408e98acbd8740d4c2513d7eb41ac,253
train,case_031,4698295a81469d2f19dc91f10f1998edd0b309b4,fs/f2fs/sysfs.c,5e61bb9697cb4a24e42f40140fc3507865afd8ece811dc476d98408ea8d361bc,1902
train,case_032,debc57b83d5b323df74bf010c8d50fe26ad2ed6b,net/netfilter/nf_conntrack_irc.c,ed1088fc85cd3bdb36c331c653c50753f909cfe6ec48fa88ee787151e814c398,314
train,case_033,a07d741c077d4e34b16458241a94d29039386553,net/bluetooth/mgmt.c,d2e9bc1caa5dd98359b14746e2c2d9f6b75600cd0c4250ecd2d227ca6971b243,9575
train,case_034,2a3f3ed9e198ae23c15859ace2f9ca6cfdc35b57,net/bluetooth/rfcomm/core.c,4f3b7a3ea7fc37c138181f2c6773af06cc89a468cf0be27c96f4292f0f5456b4,2286
train,case_035,29ecc9d93cf4c91250dac3098306613cb1cbaaca,net/bluetooth/bnep/core.c,547b8b1382ae8537ae330f9017539196838e3c9382c183034fe9e76d72efd6b2,776
train,case_036,ab269990ed58143a92a263be1bee626d82ac03da,drivers/net/ethernet/mellanox/mlx5/core/eswitch.c,3a5bed866522b3f03da09fdc34cc91b6de75ce5763b3634be52c98cd04bc6f37,2573
train,case_036,ab269990ed58143a92a263be1bee626d82ac03da,drivers/net/ethernet/mellanox/mlx5/core/vport.c,b1d4c16264433d227d5e1644eba35f56be98a249a180391c3b1def93857a466b,1304
train,case_036,ab269990ed58143a92a263be1bee626d82ac03da,include/linux/mlx5/vport.h,7e38cd1edab875f0373b34c1fcacb9d5e0c7ac5c8a6eaaa96cfceadca3a8421a,140
train,case_037,dcdce3bc9f08026ff3739ee7339e1bef526fc5f3,net/sctp/bind_addr.c,721b295d40f8afba62e8b45001798df198b7759b62d6f3662ba9528f2745990e,575
train,case_037,dcdce3bc9f08026ff3739ee7339e1bef526fc5f3,net/sctp/sm_make_chunk.c,f153215381a7074b21c42fc70e621262bcdc21aecfeb11dab5f0839c2b0a140c,3904
train,case_038,2b192ad757c30e99a3dec3dd9b99687afd9c8204,drivers/staging/rtl8723bs/core/rtw_mlme.c,50344742d3c21c0eb07fe95e5cc080deed234a57cca34aa378f11167e8afc869,2609
train,case_039,6bf7e2affc6e62da7add393d7f352d4040f5bc27,drivers/accel/ethosu/ethosu_gem.c,601757e96b628889235caa4bc247b378276c4a336b825a7320b73c0e71240cfb,710
train,case_040,ca11e7da4fba4b394f69e16448f4463c44c84de6,drivers/thunderbolt/property.c,8ab99ae0df91cb44ba9ebab8d7a40a8d01087668e23c941e01cc42b6aca8a3bf,768
train,case_041,899ee91156e57784090c5565e4f31bd7dbffbc5a,net/sctp/sm_make_chunk.c,5f852331b64f08ea2ee8ecc48b41114eac9b7cf54b863d4e9a21d53d89539a0a,3899
train,case_042,4277759906b44d923a38c8f59f5576501b187b0d,net/bluetooth/hci_sync.c,5abfa9b8ce4c35a0fbc4cc73c1a8ce5bb02009f90c262eb010e11082af83aae7,7179
train,case_043,f8ab60ae9309e76d9a09c601c10cc222e25b3d5b,drivers/accel/ivpu/ivpu_fw_log.c,d295826ac6a9a3d9571866051a9679b379fd661176e1f1cc55263dcae3e2007c,175
train,case_044,6bc249d324241c64118a3018124798c28e2950f7,drivers/accel/ivpu/ivpu_ms.c,48ebec5d2539efb7286d2b6b623108542ec679d7f71d9921dcc4293ecb92538f,342
train,case_045,e43ffb69e0438cddd72aaa30898b4dc446f664f8,drivers/usb/serial/io_ti.c,9af9bb8cc5653fb68e7710b99f8502f902bea4e01cbaf6bc4d7fa9ea586bc2c3,2760
train,case_046,183c1076eca43bbb3e7bdf597456f91d81c73e74,drivers/usb/serial/io_ti.c,cc61039834d68f134f817ceb12d6332f99de6a298184dd400a3d28e8cc31d5e4,2766
train,case_047,5d1d590e2f306443b2e22bbe0134bbb74d80fc45,drivers/usb/serial/kl5kusb105.c,e407005b47b99c314cf1d960a7bcbcf59c732fdea77755aa1798f4069c6e5021,541
train,case_048,aa181287ebdcc53ee0ba5c2f8243e2d541ebc19b,drivers/infiniband/core/uverbs_std_types_dmah.c,a4d6c4b2a5e3614c8bd04b87237567a6545c218e4eda35443d54466fa72ba891,145
train,case_049,d9d021218162b6c4fe0bdf42b2b340f1aae23a12,drivers/accel/ethosu/ethosu_gem.c,b724188acb93cf6a97caff93b4be55411c954169dfcfd1f31530b3b39a964d4d,725
train,case_050,0a32040a48db8cf35de48b85d6115df5623e4964,drivers/thunderbolt/xdomain.c,62f70573d9f98748e82304008d588bdd0371ae90536dd52150d50de64db5e6d2,2578
train,case_051,105425b1969c5affe532713cfac1c0b320d7ac2b,net/dsa/conduit.c,216ff02721a44a0673774b3c6ac875f37193d3b0edd9db6540f77f033ec0182a,549
train,case_052,6a4ccbb9b40e9cb3b185890bddc48753a4baeff6,drivers/scsi/sg.c,a84fe051d9f64e4becddb3458dfc3b053ce6bc0e0b465caa536975bf0a514ff2,2637
train,case_053,ccf8932ed8cf4fbfdcd4df2c6b524913691ee700,drivers/gpu/drm/amd/amdgpu/amdgpu_kms.c,2937c26d66e75b24a017ebac37a8e7f0de1747f8a67801217f9598595c9e7536,2011
train,case_054,4497f5028675b7e51c4aa59c3f4df01f29424277,drivers/net/phy/phy_device.c,db47567205d39f56994a2986db989eee97712909ecf845e384bc895bf42a6a74,4004
train,case_055,40c81856e622a9dc59294a90d169ac07ea25b0b0,include/linux/hugetlb.h,831659b18a4e5cfb3344ff77f6338f9657fa9ca33c971a5d3a4983d90c7a6f42,1378
train,case_055,40c81856e622a9dc59294a90d169ac07ea25b0b0,include/linux/mm.h,6952505b50940f51cba94fb0d7e9d99055f45bf6339b3df31650c99ebb6f937c,5258
train,case_055,40c81856e622a9dc59294a90d169ac07ea25b0b0,mm/hugetlb.c,3ddf040d4537d58fde405d455b52d0bbf489a71368fa72e838cf8e1056fb3810,7331
train,case_055,40c81856e622a9dc59294a90d169ac07ea25b0b0,mm/memory-failure.c,765f98fb9515a7fc69f05b8d186e7822646d1fce56f7ddcb78f3f51e3b86d955,2970
train,case_056,c885d111ed9f5a0a1f3cc4e87a50db6518abaa6c,net/xfrm/xfrm_iptfs.c,fc94ee6f823c8d61b5adc615f1077d9a94af585899e94067e775757a5b084586,2795
train,case_057,bcb275626055df7f8f947f1a349754b4004d9a15,kernel/time/timer_migration.c,462fd93635a796b9e699bb47343b110dc856cb5ab2adc0bca3df8f1bbb167b6f,1856
train,case_058,8b155f2e4a91f3507951e6ace4b413688ac28b96,drivers/md/md.c,98bc09ce276c508e099cd8255de46be7830097707631ec38cd33e0cf60351277,10872
train,case_059,639d20e0230085f0796a38de70ab69964efd05d9,fs/btrfs/reflink.c,01285ab58cf93a815082952d2e5f5dda99f792c1d1f52427332e39cf4ccf8c42,930
train,case_060,e125def8b380e43952fee720920f5fcf9e6880b0,drivers/net/wireless/mediatek/mt76/mt7925/main.c,bfa2fe1f32b071943f39eee8907de4aafce4224670808a61a5883d764f23e396,2241
train,case_061,01d5c7023df09e22856f26e09b3421a66ec6eb2e,fs/fuse/dir.c,d8c94e904ff27e4138365f81ddaa071e421decdf2a66420c9c702fb831671f8a,2493
train,case_062,e43ffb69e0438cddd72aaa30898b4dc446f664f8,include/linux/rseq_entry.h,34f958aab6db08aac99caddb4b626903798e98b22e98aae600a38530d7eedb11,771
train,case_063,e248fb2e680deb2bd37bac551b72638fe4938a76,net/sctp/input.c,2d97936bdc835589e0149277f0814c8d65d44e3aef8af51d2b0f07176bb99a13,1326
train,case_064,d704ee9c7bc68a161684c51a7ac05b446dcf38d4,net/netfilter/nft_exthdr.c,3e9a92b4074f9f353094bb4de5fb30c7a19657e3d0b10163721df037da5c2c26,699
train,case_065,ee6d9b6e51626f259c6f0e38d94f91be4fd14754,drivers/accel/ethosu/ethosu_gem.c,a4807941ffe59b3dcb6ba48f43b7c155cab0a46d512d22e1fc5e4a361105e124,722
train,case_066,e692f0cb86204dcdb9dddc0b355407eda6394a67,fs/fuse/dev.c,b007de6d7575bae9666d0668b913522e0225ce83f6500debbfc1b4be85dba05a,2768
train,case_067,d3efcadfe3eea5b4263b8f2d4463b15c9fc46a64,drivers/gpu/drm/xe/display/xe_display.c,d659a13f6f27b953a0fbdd9ff088e34c323baf1c6798cdacffd667c58e489dd1,551
train,case_068,7ec06cc981132b103e1d4968ff60ca0772ac50f5,drivers/net/hamradio/6pack.c,332595d7bfff31dc9933a040ca6f6391a9094a77b4ce3aac2b6ed2395d833ee9,985
train,case_069,6410624c4256cd1c46aa15f476a1e500178ea9af,fs/ntfs3/inode.c,61fdd27aa74e4ee63637aad8750223f1a6e01ac779eb72267876bcc322fe765a,2175
train,case_070,77b9562bac74b1d034570aa829e4159d1943b363,drivers/nvme/target/tcp.c,2678c3dff4f0d37693eba2f8e7d9da34711c72d17e07aa18fd0b08cf3eee515f,2290
train,case_071,95b5a8c51fa0d395b82edc15f5a2252e299771c8,kernel/bpf/task_iter.c,647e9f2c7b06c3c56d7cb7ce50f02192f7a2c482a9c036d9c5fe772ec8880564,1074
train,case_072,4913c94a3adcdbb64c552110c0c243cb1fdbb317,net/unix/af_unix.c,5d88d9f0c343e84088c5490d5506aa98d1b442e288dcf9049182488dec7e7f58,3845
train,case_073,733a1b310297e4e17f801d440881f5998847dc48,net/ipv6/icmp.c,e5ef3ea58b6ea468e4197ad0cba1f8fe437104657e8a9c67c8d079004a33c812,1258
train,case_074,ee306b1102a972c86dc38819890f7bd3b52f78e5,drivers/gpu/drm/xe/xe_exec_queue.c,637aea8e119ba9c97d1550c4717c39819364ede6b39b6e221e97c52263007331,1672
train,case_075,dcb89deed40ba55ff7020061712fdabf098cc2cc,kernel/fork.c,e0780f02a5bcd5b98f9b8112c17805a885e71f5c6e06b99388b1364134c48140,3271
train,case_076,fc3523b16d2b4b88e61e69504b0ae0b18b869c8f,drivers/iommu/iommu.c,631de92a78e5867d335ccbeb6d8b8831783282f3ccf0bd6fcace98f2d4d740f7,4219
train,case_077,981bedbbe61364fcc3a3b87ebaf648a66cd07108,drivers/gpu/drm/xe/xe_dma_buf.c,547af8380b48d2e7a8c9cb5ed44ddb8fea22668a5f48fd2988031aaae5e6b410,423
train,case_078,fd9c3a47c670bec6b18f44454cea023f93b5adb3,net/sctp/sm_statefuns.c,605f23fdbec56d3a180b57b5d1c296b3fe24a65e628d09851191c53674e2f947,6694
train,case_079,7c58c55a2a16f7274772507bd1637be609351b4f,ipc/util.c,8abddef100154371f94bbc3de47ce3cc82b117486e5a5102727daa97b3db992a,931
train,case_080,1f8f3246d55f89350a1a67bdf3744b7241048e4e,fs/smb/client/cifs_spnego.c,4d919dbb9cfd80ef208549ef844c69e8c0989ad29a2e6d8b2ca87a5b3f0cdf53,236
train,case_081,a32db6fca3c74b4eb8bae5470f0680deb4cbac6f,arch/powerpc/include/asm/book3s/64/pgtable.h,bc55430ea8026b90171ac05cf51c9bc9f8796f6d5f573df386db4d31f44fd7f7,1427
train,case_081,a32db6fca3c74b4eb8bae5470f0680deb4cbac6f,arch/powerpc/mm/book3s64/pgtable.c,c3a06f9ba2368952ccb4d35be9a5b35028b6a156f140f18abdb74b1ca7a069d4,672
train,case_082,3f3168300efb839028328d720ab3962f91d6a0d0,drivers/net/ethernet/broadcom/genet/bcmgenet.c,2c7c459bc4f173e84571bdccec268e936ca7aeefabdf8a6afcb538833b96299d,4376
train,case_083,df808b86e352b2141927e6bffe68db89731b3e43,fs/quota/dquot.c,a220fd844569c11d6c9cdbb4480b80199f075eabea33d8ed7bab87b9e94875e1,3069
train,case_083,df808b86e352b2141927e6bffe68db89731b3e43,include/linux/quotaops.h,c54083d39577566daab99d97b46927ac28cd22222aa82d8bfb76fda1e205cc2f,403
train,case_084,1ccc861dbbc1b4c6a896e95f815ef3310775c33f,arch/um/kernel/tlb.c,cd2fffa57cb6cfbe182cad4173a3edebbef17ab9bfe832424c0a710956ced7db,225
train,case_084,1ccc861dbbc1b4c6a896e95f815ef3310775c33f,mm/Kconfig,b65e6d93507a38e3e1fb07095c0a8e5e4e0e27b6cebc76f0cefc034c2e16115f,1476
train,case_085,9d1cd3f3241355a2a93ab6ab1c596b91d439ca1c,drivers/net/ethernet/intel/ice/ice.h,a482a7f8bc84577671cc2b3761974339f2054460abafbee535cc6049933cd9dd,1158
train,case_085,9d1cd3f3241355a2a93ab6ab1c596b91d439ca1c,drivers/net/ethernet/intel/ice/ice_dcb_lib.c,1377b674e15e81caa274dd61521edc5f277dab9f0d3f1db3b09c7317a5fdc166,1131
train,case_085,9d1cd3f3241355a2a93ab6ab1c596b91d439ca1c,drivers/net/ethernet/intel/ice/ice_lib.c,4a87a187461bdfb4ea7ceccb7e084169b7666c8eb6c00aa6f7d3fecade592c62,4105
train,case_085,9d1cd3f3241355a2a93ab6ab1c596b91d439ca1c,drivers/net/ethernet/intel/ice/ice_txrx.c,d4ce14af5ddaba63205a614fb1150ca9f4fbc47bf900bc201b0270f28bafe74e,2395
train,case_085,9d1cd3f3241355a2a93ab6ab1c596b91d439ca1c,drivers/net/ethernet/intel/ice/ice_txrx.h,3add83cc809b911e0b541262dcf4f6ec356c263f3b3177752fdad6c617875894,475
train,case_086,742001919653e7313b4e91780c5d108be1692365,kernel/cgroup/cgroup.c,65123c4ad1cbb14d65dc1cd638d3bf0e663a9cca86f8abd2d8040cb43864f0f0,7392
train,case_087,f1862dbf09080254c52175a448290c784dd7d3de,arch/powerpc/platforms/pseries/papr-hvpipe.c,d34c6eb8526740cc2a56d6ab2168320934be9318bcd6092f7abf7e7ec32ad26f,797
train,case_088,5506aec795135cdd4cbf4e845929155663b25055,drivers/bluetooth/hci_ldisc.c,7b6f29c9c45c7962e13048a996e204bfa68dc72424ee8764e4efecaddd1bf478,939
train,case_089,dd8b9ba3d9701832cfb5dcefd8b43250df28dbc2,drivers/hwtracing/coresight/coresight-tmc-etr.c,2d38b246ccc516870b94711c3da7397e105b1685e6b48d556eb9cfe31017b219,2085
train,case_090,1739fc31b4de06c5c78ce0741182770fb079091e,drivers/net/wireless/rsi/rsi_common.h,cc808a9a9f2ab41bfefc192583b152ecd5a68379f92244350a568c9a49c90acb,92
train,case_091,320f9b1c6a942a73c26be56742ee1da04f893a4f,block/blk-wbt.c,e66318c743bdbb65fb0da5c0e0badf1b84591d77be49a9e58814a28ef748d075,1025
train,case_092,c4047e7075b303b952a595f901b0f022c2403206,net/phonet/socket.c,8171092b58a8a32c54cebcfd79344782c89e0df0332a0401860123dc725d1fae,772
train,case_093,0071e01c61aa73f22edd5252f0a3e2c2eff744d6,drivers/gpu/drm/amd/display/dc/resource/dcn32/dcn32_resource.c,47232b845b9caa04b591e9e58c50c7a7eaab6d44f1bab150752cf16b3deb2373,2974
train,case_094,fb25c76a820ca8a547aa478bfb503da0a11494ab,drivers/accel/ethosu/ethosu_gem.c,fc951e46f78bb0f1fdccae5d80dad4c1b0f065d002c46b8c2b5f3b2bd91f3998,728
train,case_095,3e167e230d19cd273108bab2e4c61800fc335ae8,fs/ocfs2/resize.c,fb1373fb974df88d7485dd72f66eb5b399c8e3991a146e4a908f1e98e939a582,588
train,case_096,5d3cc36b4e77a27ce7b686b7c59c7072bcb3fa8e,fs/ceph/xattr.c,5e412c564e64581b36b839bcf87e6b86ddf82c9fe199192ea848898390d0b4a9,1469
train,case_097,fb176a99e4c1a5a8448a83d83d3606203ba81faa,net/ceph/osdmap.c,d5165f97da94dedbb30b3c043c2619ed7bac4441e85e19b899c5061928ddcf26,3108
train,case_098,db104b0d8a7856397c0469d83a4289adf7c54863,drivers/net/ethernet/wangxun/txgbe/txgbe_phy.c,3a53e272a719b28688271487760c86345cf1a293afd494ee103fc382eb6dc9ac,835
train,case_099,6fbd52d210c15f3987e04d8fa2cf6ca3ace2d0d8,drivers/gpu/drm/amd/amdgpu/sdma_v4_0.c,57e1a7e5b500c255b49d6d83144333d888e5363eb03b3239f36e164cb14cb3b5,2744
train,case_100,6dd2d4ad9c8429523b1c220c5132bd551c006425,drivers/infiniband/hw/mana/cq.c,d9400a6fccf6698c46e764b75ae30df94235edaf359f98a30bdc863372d28ac6,339
test,case_101,88cf133151dd6c9c994614ca485d86e7f7d30061,net/bluetooth/rfcomm/sock.c,92556b88aaa6392b7439286bd3977df2691781dfe1dbe8fa47c0bbcf91978714,1089
test,case_102,03275e4bb7333de80d3e7e44795fd18a9a205729,drivers/net/ethernet/airoha/airoha_eth.c,a1d97362ab405968590282ca6ea67edac2930bccf8d22d644538e52ca003ea8d,3338
test,case_103,4b5a574e033e66d2131eff1c18feef8d8643c67e,drivers/net/ethernet/mediatek/mtk_eth_soc.c,7b04c6f6172f2faf0e6ee9b2cab02c17246c07be245911fddde6b7706f94bc5a,5649
test,case_104,e27c17346628cb56843a83f93ac63c314c00f388,net/xfrm/xfrm_iptfs.c,d9dfa7c7bb65417c93e864595851040c42d18369c2dc8ef89fc30dd4b7cdbd38,2792
test,case_105,5dd4773dbc25eb2c17d701f79ddb71b402ddbf1f,net/xfrm/xfrm_policy.c,928fe1cb6eb8355dbc4130c816e39d13d5fb2de16ea4c5230653fa7e85ea6303,4514
test,case_106,2365343f4aad3e1b1e7a2e87e98cf66d5e590589,drivers/net/ethernet/ibm/emac/core.c,70c66e5507249358a67814e426e7ae79b0f9b3fa7c699f50e9c697f07e5b8806,3336
test,case_107,60412bdd1b2576659eac23a23d2d9ff96228a643,net/netfilter/nft_tunnel.c,9934c4d446cefc49e03d62fcec3780eebb8ebf3e0413ed8bf02a436619fb9145,722
test,case_108,07c33be968d9e0cab6cba38c81850a09942fcb2e,fs/smb/server/smb2pdu.c,371542bc056288d84e2b6cc53f80c0c347b67e2cac38b70cc20cf82aaf3bc4f2,9158
test,case_109,70d86e355c564b5510fde61361df014f5476c83e,sound/core/timer.c,04b780b69e51ad0bb815111b0b8948f01c9c7508ec983996633f9aa0e7c8ff34,2515
test,case_110,da3039e91d1f835874ed6e9a33ea19ee80c2cb92,sound/core/timer.c,1ba065e2ef602fc1b3698c9eb5228fa3add0b758d7668cd71039cebedf0e5325,2537
test,case_111,7645ead02939e0caa9d1655981a371c8fc06b7ab,drivers/net/ethernet/airoha/airoha_eth.c,8ad3b39ba428638fb48dd0ae6bc80021cbf8314983e24b0099ff89731c05d6b4,3298
test,case_112,c7575306c03dc5de7b00151f26744ef39b6a5a47,drivers/net/ethernet/airoha/airoha_eth.c,22ed2af8104be4464e031953b4640b18fa4a79d7bac98d8cef816b92fa9d8e79,3310
test,case_113,6e8bc03349fe4f09567fa76235abf52bdaf83082,drivers/net/ethernet/microsoft/mana/mana_en.c,4b38b931c96fdbca91909b0b4c93fa7bfb82afc35d2fad48a18b818e0a5e1db0,3862
test,case_114,af8aaafe46596be8c86882940eda0aafa43a1d0e,sound/hda/codecs/conexant.c,816dd6ff94e6d47ca82a793e5848ea409470c9d23f60194f293ce85b3c731b57,1345
test,case_115,b166453d8d015df38eddcb147de64cbb07544531,drivers/net/ethernet/intel/ice/ice_vf_lib.c,316a6f0a4b53830b1f62cb429a1c9db3da8ae5952b7b58702796539387d745e4,1419
test,case_116,c73370c677646e86fc4b1780fb07027bdf847375,fs/btrfs/disk-io.c,b0eecd961a80a9258d2cda25f4b663fd66936252ee047b511567a55cdeb729a0,4955
test,case_116,c73370c677646e86fc4b1780fb07027bdf847375,fs/btrfs/transaction.c,7af1877a8d0e2d62cff0bb5c71fa861ad9d0b7b9244de00a0c08fd9f6fd91c81,2754
test,case_117,8dfd3d8d74435344ee8dc9237596959c8b2a6cbe,drivers/iommu/amd/iommu.c,8511a198b95ba91ad15dd2fc605156e0d3b7c99314621c16848aa392328a49be,4206
test,case_118,a6dea58d8625c06b9654c0555f101742481335c3,drivers/iommu/intel/iommu.c,9acdb581c13682199025cc3bfcecebf0590dd5600396e02d08babb4ce58aabc2,4226
test,case_119,cdfe3c9f2c9e28a8651ee463c88ad191ced2f840,drivers/iommu/iommu.c,669c4667850518a0f2645842fbccc964f39886827da8e08178577d8ee1afa3c8,4099
test,case_120,f1caff3335ea6eab88cdc84ec8f2e3c45ca05486,drivers/resctrl/mpam_devices.c,579e187a4d996e256d5db366f4d74c063aca09eedd4d644b90f85f37819bd322,2950
test,case_121,c15d7a2a11ea055bcecc0b538ae8ba79475637f9,drivers/tee/tee_shm.c,7885c6131eba40606a6fd24011e1cfa6329a6a5e4452f4031816e1aa50591692,719
test,case_122,adef6c3d069837c7a77546c9eff8c82848719f22,net/vmw_vsock/vmci_transport.c,11a46a9e9a0104e2cd27fb0ca57abe48c7f19ccf31426da301880a1fae8567b2,2152
test,case_123,9ee53ecadeb5f0b413e1430404fb1b228db5eb95,drivers/gpu/drm/v3d/v3d_sched.c,95c224afc78f3d7ef8232e7a330170025d0631e02dedee4698f394fa0510f676,918
test,case_124,50334a05a950840b39a1ce3d2a173b4183db9b3e,net/ipv4/netfilter/nft_fib_ipv4.c,00e11a95a690c07974c83690684c2d897a1e67364714680733d733f210c540c4,226
test,case_124,50334a05a950840b39a1ce3d2a173b4183db9b3e,net/ipv6/netfilter/nft_fib_ipv6.c,f7c07ea49c0fa786f6e0c9f3feaa948b682d5eb0f9f6887569db9b19d23606ff,288
test,case_124,50334a05a950840b39a1ce3d2a173b4183db9b3e,net/netfilter/nft_fib.c,ef070bfc59ccc5f75f242994bfdddbabf92bafbf86be57ecbb32c6f183dee457,209
test,case_125,36bdc0e815b4e8a05b9028d8ef8a25e1ead35cc1,net/vmw_vsock/virtio_transport_common.c,cd5e0e3a1ed1539b4151694a89a48c722be3d7a36b7b6af5936626bc16d7fdbe,1818
test,case_126,9e19f817940113ecfe33b1f1440407c826586b5c,block/blk-zoned.c,ea2a3512eac141e3a4737fb84e29d4edec751d14304c3c797f0f20cacd57598b,2330
test,case_127,187c8be0c48fb803ac1579d3b7962afc2e7e81f6,drivers/cpufreq/amd-pstate.c,7fd9842e931e7a17897ca13c725b590e9a9fb62d62a5588bc7978326c863e984,1885
test,case_128,a086857d078a48bd9e33a5dfc713f8f46d5a78f3,drivers/net/wireless/ath/ath11k/mac.c,e0705a527607aa7e4a236a190f276b337b5025c1acaf59fe1d0855f98abf69f6,10890
test,case_129,4a4fedb8a523e35d2ad80637bae85de3ee56646b,kernel/bpf/bpf_local_storage.c,bd95df254dcaac6127b06c056fc20d866e4b333d41ce9cdf5203b8d56db59669,970
test,case_130,1a4b802afe15c5b33b2dcb37a594aba2fa215d52,drivers/net/wireless/mediatek/mt76/dma.c,c7545f84922abe69427e546af65b087c26f1763f562d63bdfc978e6d0ebdc5dd,1192
test,case_131,906035d5c3784570191d259cbf9a0ac1617852b5,drivers/thunderbolt/xdomain.c,243f14f8d348126a774057566ada3d727e667df5a48eae4909e530fa3d79fba9,2599
test,case_132,0cdaf0d4db3ba96f0e7c09e9c797f2305e240a04,drivers/gpu/drm/amd/display/dc/bios/bios_parser.c,c573c73ae2a913a4fbf987897bbb0fe5c85bf73964bda294099362c149eabe59,2999
test,case_132,0cdaf0d4db3ba96f0e7c09e9c797f2305e240a04,drivers/gpu/drm/amd/display/dc/bios/bios_parser2.c,dcfeec94fbe9be73f81d8e2c273db5f7f65095f8d8b83d1f570953794d88961f,2951
test,case_132,0cdaf0d4db3ba96f0e7c09e9c797f2305e240a04,drivers/gpu/drm/amd/display/dc/bios/bios_parser_helper.h,b00671a950f04a5b9a2a35a7ceb74711252eaab9d4b77eb72e700c867f197404,41
test,case_133,46ce8be2ced389bccd84bcc04a12cf2f4d0c22d1,net/core/filter.c,08a473ec6e4adcb3aab1fe7114386f5ec5f16ac7468c951dd5b25b2ce8b74355,12588
test,case_134,7aaa8047eafd0bd628065b15757d9b48c5f9c07d,kernel/bpf/hashtab.c,dc977a5295b65f1c457127d09344343bb1fe7ab4264c3f0610e64b39ea5a9fc4,2737
test,case_135,b6ff71c5d1d4ad858ddf6f39394d169c96689596,drivers/soc/tegra/cbb/tegra234-cbb.c,0814796ab5c53a9bd530bc61cf4eb7a0045fe4da629964c91516e5ca3a54b851,1760
test,case_136,3eb6e087e36a615f89cc5322d69915c08ed5257b,security/integrity/ima/ima_fs.c,20178cc10796ece33da839075f19d9015b2b64952ac67043dc5c97416f88b165,560
test,case_137,ae24cc724e6d4f5de3b970166f7aff66fb79a35e,net/netfilter/nfnetlink_osf.c,f63de4cd1349b8df87e57cb6698d3140a5ecb004c0bf043a54e7e8b00f8a1214,468
test,case_138,b315b033a877b1ee6d827810b5d7bb4392ffcf8d,arch/s390/kvm/interrupt.c,dc5b8c5da64ab669a6c4ac6d17988dc329393ad5f7be3187044b61de6f1d2710,3481
test,case_138,b315b033a877b1ee6d827810b5d7bb4392ffcf8d,arch/s390/kvm/pci.c,14587b3e44d2345ca9038e06048478c2f576e472558e046a170f880c62b43d42,704
test,case_139,5b848c029e3475a6b9933dc7ddfe0d150831a158,fs/smb/client/smb2file.c,fa61bf082b34381abb44b0a68debf5fded47447b3276dd66f9ad9fd59da65c7a,446
test,case_140,bcbbdae1b88fb646e4009c465e557a4613f0e002,net/ceph/osdmap.c,f927d4da8341191f6e9b6e37373c49dcd244f3f6931094db8c29f1c688e7fc95,3104
test,case_141,62bd09e23a23da70f9aae02748eba3e6bd93095d,drivers/gpu/drm/amd/amdkfd/kfd_mqd_manager_v11.c,cdbe543ecdec980278af70526769f1f05e14089ade97a2abca9ed8efaced7baf,568
test,case_142,0e56f460bddb397fa9a8e6faf7ae7eaa86953eb1,drivers/gpu/drm/amd/display/modules/hdcp/hdcp_ddc.c,9b841d5a29ce67124c2512876c6e1ca20810b4ea4d17e222ad94163c3d136bf2,763
test,case_143,91fb41218c413989d8b6c837748751454b452d68,drivers/gpu/drm/amd/display/dc/bios/bios_parser2.c,b3290867fc9f42b23d03ad4504574403f8404a3afe55ad40b690b6c4f26573a1,2935
test,case_144,b0bd35535bdb6f58505f3a30ee5793986943997a,drivers/md/dm-log.c,36be3834ff0a46d0005431d92eca0a5880cf5c6759b0b82d191cbcdefcbedef2,912
test,case_145,297261b343371c4f0b31055d53d285138ec21565,fs/ocfs2/dlm/dlmdomain.c,916c26ccbf7cb42604913363ad047cbd7f95f06a9bc34a61175825fc3990bebd,2365
test,case_146,01dfda6229aad886821b55d4da3adbbc49cabf27,fs/ocfs2/xattr.c,cab7a62bfd933e18d83006328940b584a28368a96ff6328c84889ce514d43556,7397
test,case_147,3966cac84a2863c699b29e89ef717c84441f1fe1,drivers/crypto/ccp/ccp-crypto-aes.c,6af159a6745ee2a8ed36032619b3e72770961b9ab75f6cc702fbf33e7c13ada6,341
test,case_148,22230e68b2cf1ab6b027be8cf1198164a949c4fa,net/sctp/socket.c,1e0413bf7cad63a19448a46b44316b81978699b2e48db27e4b3c64978b701673,9719
test,case_149,8def8fbd23f40e945febe913d04b731012ce0082,net/netfilter/nf_nat_amanda.c,2ddbcd29ee88db3c5a2ae15b2a0eab18a133a81b6a021d699a9e06ac42fdb5ce,80
test,case_149,8def8fbd23f40e945febe913d04b731012ce0082,net/netfilter/nf_nat_sip.c,ba599a232936ec3f9b8a91fb261389510cc8e04ea216088fa4eb8c48c8cc5692,676
test,case_150,f0706740ec35e1fc88f5e5c67e9651f2fcc2a6ee,fs/adfs/super.c,3af2f42bb0a3e3758f8e57e3c41fdd980f2d54e22cb82b11719041330ad71c89,495
test,case_151,153bcba36c87a1ba555b57b6c49028d5812f895b,drivers/net/wireless/mediatek/mt76/mt7921/main.c,e682ec733b9df5c1ced22f5e4cada3778de875d65a4e16650b90a7852e7d5ae7,1597
test,case_152,35180c772f5e11e2fa4d80d3dfd50906cb6d9646,drivers/net/wireless/mediatek/mt76/channel.c,9f2578db1ff078fadec95c173fcccfda55168f7218d39b9fd1fc1f16b72391fa,416
test,case_153,3daa5818e473ed60eb69d8b5c71b651909d28c5a,net/bluetooth/hci_event.c,597e100200c9ff5c783974bed3053bfa42e53cc94b3a5bc397282df2b0a3b2ab,7700
test,case_154,c7777f534a8018ae4bb1c80d8925af4df588a314,net/bluetooth/l2cap_core.c,0c5b3179a167c6078ec2fb8474b8fe47e29119fd4ff8258151ae16144354bc5b,8802
test,case_155,230ad9c83244c85c2440b0e42f26333f566c56c9,drivers/md/dm-cache-policy-smq.c,042f74201e06f6b1b5737ed40829bc8ae367951e780f77d4a03d21218a9654f9,1950
test,case_156,8cf18974284fbfd43fe32fdacec59fabbcca9003,drivers/gpu/drm/msm/msm_gem_vma.c,d214ca216acc3d86c68a1d1d2aa149b4ceaf5db4880e8b600c6409ab094436e1,1609
test,case_157,f9438cb8c8ec3adc84b2b450a3aab0123d074c3b,fs/gfs2/log.c,dc343e5e67fc8f110232aa70c6233709ec822954e9322c320996fab1de4e88ff,1345
test,case_158,43c328b8e73a4d335b5ee1dc1c3b4e346d254247,drivers/hid/usbhid/hid-core.c,aeee3d25062307c4949ed383ee25b185b69f27cf0f9583cd97d192a1affe97b2,1735
test,case_159,7fd3b41260c6120e7b60164afea5d961af6224f9,net/unix/af_unix.c,2528b89da7eeac0c5a435a04c1031595c60ddccd91b3b056c58b350c0da33c1e,3801
test,case_160,67d7ae3340cae0a18ec1d53a2fce198c31a211b8,net/psp/psp_nl.c,d88ea34382e79fbf7b7a2bd2f04018d01df00a97ca7f4b2ce34059e97a5a3f26,598
test,case_161,d740d1e30881249e8dca8c145dd4bccdb1058bfc,drivers/net/netdevsim/dev.c,7375cf9eda438be6f772896d903bdfd61a6e1e85c25739f4db690fb50928a841,1231
test,case_162,65d114b5270b62aefb820ecd6c3b7caeea8f895d,drivers/clocksource/timer-sp804.c,a62bd67ac9c36be0dcaa59ddf41022c5aa059fae11c97f414c2ab2b66d87b974,414
test,case_163,b4d73c3848bae9084fa8b9b2aa76d99a7d8eb17d,drivers/input/touchscreen/sur40.c,a86befeacb250251c0169dc1061270e4fa6aed1b63c049c5f5909a55cb2400c1,1190
test,case_164,2d29983104f06f5b0babcd5a25a0f0408272cd27,net/mptcp/options.c,51d2bb6cee1e695c22059eb435ab7436fc4420fded071f74235336230fe870b0,1138
test,case_165,ff9748200698e9641f41ba922ffef728167807c2,drivers/cxl/core/features.c,0c49c5ba69ebacad0ef09e1994ed25c36fa94220d99ff363c1272099b6bbe74d,706
test,case_166,b3c7ccb1a93cbb5a9a13196abf608ffa2516817e,fs/hfsplus/btree.c,f9c3bb2aa89d10edc14f41f0a75bd6cbb1fb1c4dfdb30a17135990e7cd0918ec,665
test,case_166,b3c7ccb1a93cbb5a9a13196abf608ffa2516817e,include/linux/hfs_common.h,54e319205777179d26425e346bc8e6129c92892d908fd8a55a7034e681ac9106,662
test,case_167,dbf6804ad7da0fc68e139e752bd7b76ca793fe21,net/can/j1939/transport.c,5457573f27b68aa7fafc6b9a08d3d07573211d13d48802517c388009171860dc,2244
test,case_168,b056f21a38276ead20353d71d50a52206609d242,drivers/power/supply/max17040_battery.c,c5caa3dbe4187230173c39a6538f80cc76de006c378886193421d7007e60fa8f,641
test,case_169,86985da12699360a2b20748c5a492ddd92db8c47,drivers/nvme/host/tcp.c,7b2a3a4afd6c05606aaa55351227b8c5817b2ee5674862781f225781139d604b,3113
test,case_170,35d6052e9cf280231be1b25e8ec9bbfb1ff1d673,drivers/nvme/host/core.c,401527231621d3b20333bee4ad61128ead8b97e92dfaadea875b1ec19f7b03eb,4891
test,case_171,388617f44d81604a760742a0b5de292d411e63e3,drivers/infiniband/hw/mlx5/main.c,9b8b84410ce1287832a8ba600a0df8b4381ac42f683d6bf4c5aec1cd2113cace,5453
test,case_172,4f4c9b13c485abd0a2d2c97f9db339d1dd8e147f,net/mac80211/util.c,bffd2b03bcc6ee4821c5543a785a66312e7b7e8443ba7c2f9c98cab1c44aa610,4632
test,case_173,36ff362235307af95152d510b53c2d9b8773a342,net/mac80211/mlme.c,f8a33957c21a2ebeb22509ce784e3249acc4593b758a554cc72a61a9933a84db,7610
test,case_174,def304aae2edf321d2671fd6ca766a93c21f877e,include/trace/events/rxrpc.h,f718a944b4ef9d858f6320eb44f79196e946b55b581457fc3ee10c322cfa9b43,2846
test,case_174,def304aae2edf321d2671fd6ca766a93c21f877e,net/rxrpc/ar-internal.h,815540895cc98248c712db555825937ac9d7e5cc2da7b0a1695a287034fcd755,1702
test,case_174,def304aae2edf321d2671fd6ca766a93c21f877e,net/rxrpc/call_event.c,7cd6324ab2afa21990e2da9f551cee74dac8b824d0355b6d7c11c825ae887565,497
test,case_174,def304aae2edf321d2671fd6ca766a93c21f877e,net/rxrpc/io_thread.c,2416efee61f27c31230a575122d38446cbe667fc7513aaf3c853b6dfbe80d58d,603
test,case_174,def304aae2edf321d2671fd6ca766a93c21f877e,net/rxrpc/skbuff.c,ecce68d320e120a949f2eec8ba486dd3c8910a035decb43dc362d60070e83fb0,83
test,case_175,4eb830847d84276f1c8ea46541cfeeedaba1fb63,fs/smb/client/smb2file.c,25c961e302a2994c36fa7549f3b83e2ab8d56bfb14699372e59fe628c806aefb,379
test,case_176,feefd5d5b5ee258082d7f8687b0b209cbfa539f6,fs/fs-writeback.c,38e25a2ba7082586905613ab3c7e9b65f4f24b09943715998c958030ffc7124f,2942
test,case_177,1ca40b243277c9e88be5e00bd3e083f71aefb93e,net/ipv4/inet_fragment.c,0c342af4d0fad461eb4a4fcf7419f54eed08f6b748b2a2471fe0112322401191,700
test,case_177,1ca40b243277c9e88be5e00bd3e083f71aefb93e,net/ipv4/ip_fragment.c,6a1092bd2824d7b0585e7ae555f5dd07245e2719bef9bacf53d8a80aa82cf13b,753
test,case_178,05524b940bdbf5a1e3c081d7682dda4d105c19f5,include/net/ip_vs.h,b97e9e7a27092bd2cdaca82df929bdf1b8945baf4aa8b745454cd675d4b2eb22,1869
test,case_178,05524b940bdbf5a1e3c081d7682dda4d105c19f5,net/netfilter/ipvs/ip_vs_ctl.c,9dd168e54dc805f6963e4e4ea07a7779b7e95ee4d0a7799fda508bf758e8ada4,4557
test,case_178,05524b940bdbf5a1e3c081d7682dda4d105c19f5,net/netfilter/ipvs/ip_vs_sched.c,d9e1a2259730502a127e7d39940d08dc4a8acbf8d54c869ae9042157947722a1,250
test,case_179,8470f676eadeab99132708acb1a85915664d6115,net/bridge/netfilter/ebt_snat.c,aaed35c0b53095cc5b0095a15c61417bfaaa35cdc67f27777458ab4b41a8aa8c,88
test,case_180,41781f2789309462520a93822e946521ed78f97f,net/ipv6/sit.c,cd059471d239f1d51338712cf13598ce2f5e2bdacfd1296d0ca45bc42e1653bf,1962
test,case_181,f01fb6138f8eb606b56ce9158e2d8b72352c53f4,sound/core/seq/oss/seq_oss_readq.c,9fd94453624486eae718c54115c95ef96219bf1d730d0abbdd29125c9175a48d,244
test,case_182,8a046e68f073b2420337541a194de274d4858eb5,drivers/scsi/hisi_sas/hisi_sas_v3_hw.c,cd607372da494ca91e74d061f39545aec7ea6e19377b16dcabe5b98481effcc8,5329
test,case_183,b0dad1ac5e2f725c9a131060b873f8757c82c3fa,drivers/soc/xilinx/zynqmp_power.c,3cc1eca0a4c323f95f9a64533987a4b7bcd4999dbddf4f7bbdd5f5e909127b4c,419
test,case_184,743209358ff8ea044e5cca540c7d38b1da71c17b,include/net/netfilter/nf_conntrack_expect.h,034a9f3862414d2f0225d259f44db64a7dabcf61949294b373286350e40a3d1c,157
test,case_184,743209358ff8ea044e5cca540c7d38b1da71c17b,include/uapi/linux/netfilter/nf_conntrack_common.h,2cdf2f1c8e9539190c7d6701cd1d16ca9a095d997cf4795d012513f8265f8a05,167
test,case_184,743209358ff8ea044e5cca540c7d38b1da71c17b,net/netfilter/nf_conntrack_core.c,85396fa9a2c6d34c1e5f727cbde4532e81edbd95ff2fc05e6b4a34be592c3b63,2789
test,case_184,743209358ff8ea044e5cca540c7d38b1da71c17b,net/netfilter/nf_conntrack_expect.c,f19014f642f52b63875d4b0d4ae3490e868c2d16ee732d9c2b3356f7b19ab5c9,774
test,case_184,743209358ff8ea044e5cca540c7d38b1da71c17b,net/netfilter/nf_conntrack_h323_main.c,97460ed541036cfc12d60300691a20bcbf4c377d0edf572dbec8b814aa60a11c,1799
test,case_184,743209358ff8ea044e5cca540c7d38b1da71c17b,net/netfilter/nf_conntrack_helper.c,6660dfe0e1b8d8908f1c10b5f923a24c1c920a2e8bb68460d09351b14726ca6a,596
test,case_184,743209358ff8ea044e5cca540c7d38b1da71c17b,net/netfilter/nf_conntrack_netlink.c,d454f3fc71c9e056d47c37be41d352e87792dc9ad57038202be86ffc525c35e5,3933
test,case_184,743209358ff8ea044e5cca540c7d38b1da71c17b,net/netfilter/nf_conntrack_sip.c,7b955d17b777a4dbd4c671f0e9a33cca1e6567d5f3e76c84ab18ec58e4ee31c1,1838
test,case_184,743209358ff8ea044e5cca540c7d38b1da71c17b,net/netfilter/nft_ct.c,5f7c983e1d1b1ad459c53ffba4ff6f6cc6cc1432fe78d726dd30bcb84bc77b4d,1427
test,case_185,f8687018f24037056692c1e93c7d96cc72889d5b,include/linux/device.h,f62763940404154eb5c68d2a597764852b9b9ec1c2f4923d3febc42b6bdfe78d,1164
test,case_186,7a5db225ab5a6b095f6c37197b3b114921d85541,drivers/i2c/busses/i2c-imx.c,38e9accf7202faffaeb7ac1dac7217f9049a33c76407af55f55693fb69fb899b,2062
test,case_187,35464ff818165131464bd524c259db1ac8044ae3,net/bluetooth/sco.c,a11077a97f68a6ebdc6ecbf44359519e619a36dfe9774755c38404a3e586b66d,1673
test,case_188,e3a0127eee04db8769e53c8102c4e76aa49be8c3,include/linux/memcontrol.h,8de4ae9f9d2c2d5c85e434803ab72c12b3f0d098da8d4e5da39cba30e00627fe,1945
test,case_188,e3a0127eee04db8769e53c8102c4e76aa49be8c3,mm/vmscan.c,f1a71a0a13eb5d0f2f32f1862517458f13321b988bd8a99e1bac8a97be862b7f,8029
test,case_189,6d2eb93975c07b0169a3287efc1ae3b60cf52d8e,drivers/power/supply/bq256xx_charger.c,a9aad2fe883fe51299a5aa56bfd46d26e51174f87685bca71b337c957b79a72e,1825
test,case_190,25b863cd6d12ec196115ff7a5422c69995443466,net/sctp/inqueue.c,2b467e53b694690861131b100c360b660debdeab0760bcb44bdcd02924e366c9,245
test,case_191,2757e6e803092cf0aeaf4b735e16b5d3bdc705c5,drivers/gpu/drm/amd/amdgpu/sdma_v7_0.c,9c3d5e20ed3a5f16aa1c624b0f00c35874dc6c705dccef1f7f3c84b7bd52ba0d,1782
test,case_192,28c5fdce9dd955d2baf5e28987819b6d7cfaf646,drivers/net/vmxnet3/vmxnet3_drv.c,d747892a1943ee7d8419daf26054514a6d305c156d7e8d1333ba659d44acea2c,4604
test,case_193,57acd519283333fa5b7a809a42a01222ac1faabe,kernel/sched/ext.c,2cd01f008d1e8d5b32570c4a26e248c1046a981a83fa4b5a341c6578fd013a45,6989
test,case_194,cac8002c675eda7d0d567871287201932857576c,drivers/gpu/drm/amd/amdgpu/gfx_v8_0.c,259c55d66b66d729273af0da23b49262d09c82aff0363d75e85cdc8812d2d6b0,7255
test,case_195,5ac8f1c56ba16d94dd22a94480d30a40bb61a04d,fs/proc/task_mmu.c,bf5312b5709a8864be577c4fb55b9bf4e6e5495f711717b263e4ea74a8574bf0,3456
test,case_196,7099e7148f81c605bbc319b16ce0131540341560,arch/arm64/kvm/hyp/include/hyp/switch.h,c5f6eafffd5f73316c22c570bbdafb8fd88596bfc4afb8823d861c92d96fee98,954
test,case_197,1ae134c012e10384cdac420b5cc6e0615cde0b55,net/sched/sch_cake.c,572871290abd25fc2b9eb7c9e11c37a903009121f36081972ec5ed6b00545ee5,3148
test,case_198,4aafa600d93e9551c1f24e785d57cbd4adf021d5,drivers/accel/amdxdna/amdxdna_gem.c,928a3b46ac7d029df8c36161aa2129ea85c54efbafbf8006919b5d5a0072e866,1138
test,case_199,72c8646956ffc8050bb8be5988a0f28fc37e1ac4,kernel/trace/trace_probe.c,c13f5f44f003171989017620f3e3046023b1b6b37c742f4321716b741a4750eb,2395
test,case_200,13092966ba5d8fb214a4efeddc87f9ed0fd2f945,fs/ocfs2/journal.c,66fe9f841fb39a9c24accebfc9061d05407cc8cf3338e068996cfc0a8989d41a,2451
